id,Title,Content
34,"We Are Select",
1326,"Kube Medical",
1327,"Campfire Marketing",
1328,"Adroit intelligence",
1329,"Ancient and Modern Wines",
1330,Barthropp,
1331,"Adroit Data And Insight",
1332,"Corporate Airport Transfers",
1333,"Cirencester Computer Centre",
1334,"Clark Holt",
1335,"Customer Kind",
1336,"DMS Agency",
1337,"DMS Insight",
1338,"Fiscal Business Services",
1339,"Galax Care",
1340,"Hot Smoked",
1341,"Jiyu Consulting Ltd",
1342,"LC Analytics",
1343,"My Accounts Office",
1344,"Myne & Ure",
1345,Nexus,
1346,Oomph,
1347,RDA,
1348,RedKite,
1349,"Runway VIP",
1350,"Salisbury Research",
1351,"Opex Personnel",
1352,"Thamesdown Marketing Services",
1353,TRIMAC,
1354,"Two Chapel Lane",
1355,"SWHomecare Solutions",
1356,LBE,
1357,DPDS,
1359,"Read For Good",
