site_id,Title
1247,was_swindon
1362,myne_stroud
1363,Nailsworth-Readforgood
1364,fis_cheltenham
1365,cmp_cheltenham
1366,adr_cirencester
1368,bar_swindon
1369,adi_cirencester
1370,cat_nexus
1372,ch_swindon
1373,ck_malmesbury
1374,dms_cheltenham
1375,dmsi_cheltenham
1376,gal_swindon
1378,Swindon-jiyu
1379,Swindon-kube
1380,"Test Site-lc analytics"
1382,nex_nexus
1383,omp_cirencester
1384,rda_cheltenham
1385,red_nexus
1386,run_essex
1387,sal_brentford
1388,ope_nexus
1389,tms_swindon
1390,tri_swindon
1391,tcl_rutland
1392,swh_swindon
1393,lbe_swindon
1399,hot_wellington
2739,rpm_fairford
4106,Lee_Home
4114,"Ampney Crucis"
4297,IMS_London
4345,BBK-HOME
4365,OPER_Nexus
4421,SAS_Office
4836,"Carl Home"
